,avg_roe,np_per_share,operate_cash_flow_ps,basic_eps,capital_reserve,undistri_profit_ps,net_interest_of_total_assets,net_selling_rate,gross_selling_rate,total_revenue,operating_income_yoy,net_profit_atsopc,net_profit_atsopc_yoy,net_profit_after_nrgal_atsolc,np_atsopc_nrgal_yoy,ore_dlt,rop,asset_liab_ratio,current_ratio,quick_ratio,equity_multiplier,equity_ratio,holder_equity,ncf_from_oa_to_total_liab,inventory_turnover_days,receivable_turnover_days,accounts_payable_turnover_days,cash_cycle,operating_cycle,total_capital_turnover,inventory_turnover,account_receivable_turnover,accounts_payable_turnover,current_asset_turnover_rate,fixed_asset_turnover_ratio
1992-4,,0.7,,,,,5.9798,6.5026,49.36,62311586.0,,4051894.0,,,,22.26,,73.1403,0.9907,0.3815,3.7231,2.7231,26.8597,,330.4571,8.1016,86.8873,251.6714,338.5587,0.9196,1.0894,44.4357,4.1433,1.3224,
1993-4,,1.33,,,,,27.6124,18.809,38.1818,149035365.0,139.1776,28032058.0,591.826,,,56.08,,63.053,1.407,1.1137,2.7066,1.7066,36.947,,99.4283,7.0641,53.4656,53.0268,106.4924,1.468,3.6207,50.9619,6.7333,1.9384,
1994-4,,1.7,,,,0.3613,14.7924,16.2869,45.815,178629124.88,19.8569,29093150.23,3.7853,,,45.46,,75.2026,1.2242,0.9424,4.0327,3.0327,24.7974,,122.7705,13.7605,89.3455,47.1855,136.531,0.9082,2.9323,26.1619,4.0293,1.1788,
1995-4,,2.47,,,,0.5948,12.7587,14.8576,45.245,280339104.82,56.9392,41651751.33,43.1669,,,44.73,,76.4146,1.1451,0.6271,4.2399,3.2399,23.5854,,212.3518,19.1862,130.9281,100.6099,231.538,0.8587,1.6953,18.7635,2.7496,1.1145,
1996-2,,4.56,,,2.2114,0.6623,5.9628,9.5445,,284372198.39,,27141951.79,,,,9.7815,,46.1759,1.6368,1.6368,1.8579,0.8579,53.8241,,,,,,,0.6247,,,,0.8375,
1996-4,,3.36,,,1.5796,0.1873,11.2331,10.3138,26.5106,555783705.84,98.2541,57319319.55,37.6156,,,20.0162,,54.2028,1.5969,1.1916,2.1835,1.1844,45.7972,,107.0123,28.0003,73.7418,61.2708,135.0126,1.0891,3.3641,12.857,4.8819,1.4669,
1997-2,,3.83,,,1.5954,0.6417,7.0935,14.4508,,341279052.68,20.0114,38710230.13,42.6214,,,11.86,,52.9893,1.3181,1.3181,2.1272,1.2414,47.0107,,,,,,,0.4909,,,,0.7377,
1997-4,20.18,4.44,,0.81,2.2969,0.2136,10.5978,9.3978,28.8873,1001882913.75,80.2649,75240879.13,31.2662,,,16.38,,56.8644,1.226,0.7571,2.3183,1.4247,43.1356,,92.7692,59.6797,55.1285,97.3204,152.4489,1.1277,3.8806,6.0322,6.5302,1.6691,
1998-2,,4.92,-0.297,,2.3691,0.6248,3.9996,11.0658,39.9397,432732650.98,26.7973,42526498.19,9.8586,,,8.35,233.1898,55.813,1.3178,0.7886,2.2631,1.3622,44.187,-0.0443,186.1812,112.9731,85.2475,213.9068,299.1543,0.3614,0.9668,1.5933,2.1115,0.5704,
1998-4,16.97,3.92,0.6028,0.79,1.5119,0.5283,7.8235,12.5387,41.7223,763407301.84,-23.8027,70142697.65,15.8324,,,15.35,182.6437,52.7967,1.4471,0.7921,2.1185,1.2047,47.2033,0.1276,241.903,107.4595,109.4059,239.9566,349.3625,0.6239,1.4882,3.3501,3.2905,0.972,
1999-2,,4.87,0.084,,2.1735,0.7601,4.8095,14.3695,39.7473,455348433.77,5.2263,61485911.14,50.5133,,,8.3,231.5757,42.6935,1.7479,0.9278,1.745,0.7887,57.3065,0.0219,226.9003,,84.2815,142.6188,226.9003,0.3347,0.7933,,2.1357,0.5213,
1999-4,,3.12,0.515,0.594,1.1384,0.175,6.9567,11.5722,41.2385,782382080.92,2.4855,87493766.95,24.7368,70806501.0,,11.78,188.3029,39.5555,1.8013,0.9082,1.6544,0.6958,60.4445,0.2368,264.1426,,98.7736,165.369,264.1426,0.6012,1.3629,,3.6447,0.9716,
2000-2,,3.43,0.0261,,1.1384,0.4868,5.624,16.2775,30.4616,456560868.29,0.2663,73756181.25,20.6008,19897969.89,,9.1,240.9112,35.295,2.2463,1.2056,1.5455,0.577,64.705,0.0132,194.2376,,66.6445,127.5931,194.2376,0.3455,0.9267,,2.7009,0.5466,
2000-4,,3.53,0.239,0.504,1.1437,0.4003,9.4675,14.8761,39.24,807048429.71,3.1527,111961245.73,37.088,76565175.0,8.133,14.27,255.6013,27.7923,2.2936,1.0712,1.3849,0.4065,72.2077,0.1663,249.463,,65.6503,183.8127,249.463,0.6364,1.4431,,5.4836,1.0265,
2001-2,5.62,3.72,0.155,0.204,1.1466,0.5874,3.9523,10.4282,27.9147,464325162.08,1.7006,48399415.63,-34.3792,39532130.33,98.6742,5.469,154.8751,23.6965,2.7929,1.4674,1.3106,0.327,76.3035,0.1271,175.9531,60.9529,33.4828,203.4232,236.906,0.379,1.023,2.9531,5.3759,0.5835,1.465
2001-3,,4.65,,,,,,9.5008,28.2704,600878278.45,,57064012.0,,42640710.0,,4.48,,,,,,,,,,,,,,,,,,,
2001-4,9.14,4.65,0.72,0.342,2.3976,0.2974,5.5863,11.0892,33.5813,730459982.81,-9.4899,82386966.5,-26.4147,66504332.77,-13.1402,6.47,342.1683,20.6237,3.6933,3.0045,1.2598,0.2705,79.3763,0.5694,191.5097,147.541,47.2826,291.7681,339.0507,0.5038,1.8798,2.44,7.6138,0.7105,2.1566
2002-1,,4.4714,,,2.3976,0.3713,1.1933,10.2068,20.5874,198561128.55,,20243952.54,,,,1.6511,,20.9831,2.7704,2.1049,1.2656,0.2798,79.0169,,95.6328,130.5104,32.6489,193.4943,226.1432,0.1169,0.9411,0.6896,2.7566,0.1802,0.5465
2002-2,,3.2,0.105,,1.2651,0.2992,2.567,11.4078,22.4377,407198610.05,-12.3031,41490427.23,-14.2749,34124361.71,-13.6794,3.154,190.4808,26.5118,2.2497,1.6849,1.3608,0.3927,73.4882,0.0836,109.3228,141.5985,43.592,207.3293,250.9213,0.225,1.6465,1.2712,4.1292,0.3427,1.0302
2002-3,,3.22,,,1.2651,0.3211,3.2781,10.3963,23.8503,561862107.61,-6.4932,50469307.37,-11.5567,41383873.29,-2.9475,3.81,,23.415,2.2896,1.6345,1.3057,0.3347,76.585,,124.7978,152.8014,41.9255,235.6737,277.5992,0.3153,2.1635,1.767,6.44,0.4912,1.4228
2002-4,6.92,3.107,0.201,0.233,1.2651,0.1232,5.2929,11.2607,24.7583,894813987.06,22.5001,85427442.7,3.6905,84542529.76,27.1233,6.69,158.8007,33.1104,1.7052,1.287,1.495,0.5541,66.8896,0.1171,78.0776,120.1402,48.2723,149.9455,198.2178,0.47,4.6108,2.9965,7.4577,0.7503,2.1641
2003-1,,3.159,0.073,,1.2651,0.1749,1.0442,10.6762,22.2083,206261013.8,3.8778,21235135.51,4.8962,,,1.635,177.9827,30.2719,1.8214,1.3592,1.4341,0.4854,69.7281,0.0476,64.3317,129.7391,63.4921,130.5787,194.0708,0.0978,1.399,0.6937,1.4175,0.191,0.4253
2003-2,,3.21,0.0678,,1.2651,0.2256,2.1642,10.8823,21.3279,414625246.98,1.8238,42088394.36,1.3689,39478385.59,15.6897,3.19,165.5315,27.4828,1.9313,1.4181,1.379,0.4237,72.5172,0.0499,64.8789,130.0766,66.9892,127.9663,194.9555,0.1989,2.7744,1.3838,2.687,0.3976,0.8612
2003-3,,3.23,0.0692,,1.2651,0.2503,2.7461,9.7731,21.9886,588717970.84,4.7798,52198674.69,3.4266,49520174.54,19.6606,3.927,165.1148,27.6074,1.9634,1.4757,1.3814,0.4266,72.3926,0.0502,70.2613,137.8325,60.9192,147.1746,208.0938,0.281,3.8428,1.9589,4.4321,0.5596,1.1274
2003-4,6.33,3.32,0.248,0.21,1.2673,0.338,4.2889,10.9116,25.2823,860404079.46,-3.8455,86139960.14,0.8341,83735266.06,-0.9549,6.32,139.0943,31.0781,1.8011,1.5152,1.4509,0.511,68.9219,0.1466,60.6755,134.0083,68.5623,126.1215,194.6838,0.3931,5.9332,2.6864,5.2507,0.7886,1.552
2004-1,,3.27,0.0179,,1.2673,0.2921,1.1348,11.5171,23.2903,215433609.01,4.4471,22251223.5,4.7849,19510686.02,,1.656,108.5893,28.329,1.8647,1.4812,1.3953,0.4494,71.671,0.0122,62.1719,145.0911,66.4207,140.8423,207.263,0.0985,1.4476,0.6203,1.355,0.215,0.3483
2004-2,3.21,3.39,0.0228,0.106,1.2673,0.3446,2.2525,11.0569,21.8264,462665625.11,11.5865,43819149.98,4.1122,42648660.8,8.0304,3.21,113.4581,32.4714,1.5775,1.2196,1.4809,0.5474,67.5286,0.0125,60.1202,139.589,61.2078,138.5014,199.7092,0.2037,2.994,1.2895,2.9408,0.437,0.748
2004-3,,3.36,0.0168,,1.2673,0.3893,3.3779,11.6329,24.6296,670549477.86,13.9,62176019.84,19.1142,58146447.25,17.4197,4.498,128.3999,33.5509,1.5454,1.1282,1.5049,0.577,66.4491,0.0086,79.4842,149.4189,64.8805,164.0226,228.9031,0.2904,3.3969,1.807,4.1615,0.6169,1.0882
2004-4,6.55,3.43,0.39,0.22,1.2669,0.3491,4.3714,10.7386,25.2803,1000739388.05,16.3104,90236824.37,4.7561,85907418.16,2.5941,6.4,117.5073,39.8425,1.2422,0.873,1.6623,0.7565,60.1575,0.1503,83.8008,128.2737,76.4185,135.656,212.0745,0.4071,4.2959,2.8065,4.7109,0.869,1.3245
2005-1,,3.48,0.0117,,1.2669,0.4044,1.1057,10.2721,27.1986,286768847.05,33.1124,22702273.89,2.0271,21517862.34,10.2876,1.59,188.4997,37.856,1.2641,0.9121,1.6092,0.7016,62.144,0.0048,104.6268,119.7445,68.6551,155.7162,224.3713,0.1076,0.8602,0.7516,1.3109,0.2379,0.3285
2005-2,2.47,3.41,0.0739,0.085,1.2669,0.3344,1.7781,8.2269,25.12,597222888.28,29.083,35021084.33,-20.0781,32496137.36,-23.805,2.5,152.198,42.9302,1.2071,0.8679,1.7522,0.8727,57.0698,0.0248,98.7221,122.1664,60.0561,160.8324,220.8885,0.2161,1.8233,1.4734,2.9972,0.4553,0.6909
2005-3,,3.45,0.0636,,1.2673,0.368,2.5299,8.9254,26.6907,798404441.23,19.0672,48858340.05,-21.4193,45550913.89,-21.6617,3.451,168.8639,45.3795,1.1543,0.7717,1.8308,0.9481,54.6205,0.0195,126.8976,141.9111,84.6953,184.1134,268.8087,0.2834,2.1277,1.9026,3.1879,0.5916,0.9277
2005-4,5.28,3.5,0.346,0.183,1.2671,0.322,3.6116,8.2863,22.3531,1241371633.48,24.0454,75141210.16,-16.7289,62609233.1,-27.1201,5.22,131.7836,45.5026,1.0216,0.6961,1.835,0.9549,54.4974,0.1033,104.0402,97.2999,71.0283,130.3118,201.3401,0.4358,3.4602,3.6999,5.0684,0.9412,1.4376
2006-1,,3.56,0.0452,0.057,1.2671,0.3789,0.9031,8.8563,25.2513,312123961.21,8.8417,23381720.02,2.9929,22363146.56,3.9283,1.6,119.5432,45.4827,1.0273,0.6516,1.8343,0.964,54.5173,0.0132,130.8901,98.3177,71.5421,157.6657,229.2078,0.102,0.6876,0.9154,1.258,0.2188,0.3767
2006-2,2.8,3.5,0.0689,0.099,1.2671,0.3205,1.6057,7.7237,21.7353,646385534.36,8.2319,40520517.95,15.7032,40652120.75,25.0983,2.82,71.0148,48.1375,0.9384,0.6439,1.9282,1.0698,51.8625,0.0184,116.9363,86.0215,53.5157,149.4421,202.9578,0.2079,1.5393,2.0925,3.3635,0.4538,0.783
2006-3,,3.55,0.1031,0.149,1.2621,0.3712,2.4556,7.5326,22.2763,1013245373.65,26.9088,61356791.8,25.581,45751268.82,0.4398,4.209,114.3793,46.9659,1.1431,0.7991,1.8856,1.0295,53.0341,0.0282,116.149,95.6023,56.3169,155.4344,211.7513,0.326,2.3246,2.8242,4.7943,0.6496,1.2579
2006-4,6.22,3.62,0.411,0.23,1.2417,1.1704,3.3492,6.6665,19.2163,1595423170.31,28.521,92745792.59,23.4287,48935753.59,-21.8394,6.1,90.3345,46.1461,1.1554,0.7635,1.8569,1.0399,53.8539,0.11,99.6843,73.4439,55.5059,117.6223,173.1282,0.5024,3.6114,4.9017,6.4858,1.0133,1.7382
2007-1,,3.58,0.05,0.058,1.2688,0.3191,0.8741,8.0111,27.4003,367330070.35,17.6872,24021989.33,2.7383,21471683.5,-3.9863,1.63,84.6856,47.2187,1.0783,0.6824,1.8946,1.0926,52.7813,0.0129,143.977,88.011,60.7656,171.2224,231.988,0.1091,0.6251,1.0226,1.4811,0.2126,0.3693
2007-2,3.93,3.56,0.208,0.139,1.2688,0.2996,2.1473,7.2505,19.8972,1004099028.26,55.3406,57105305.74,40.9294,26480877.74,-34.8598,3.9,114.6189,48.7875,1.0551,0.7275,1.9526,1.1509,51.2125,0.0509,91.4588,65.182,41.1758,115.465,156.6408,0.2962,1.9681,2.7615,4.3715,0.5802,1.0096
2007-3,,3.63,0.26,0.206,1.2688,0.3672,3.1853,8.9954,24.1724,1224052279.39,20.8051,84722240.46,38.0813,45401245.18,-0.7651,5.68,101.8606,48.2317,1.0634,0.7045,1.9317,1.1596,51.7683,0.0619,121.2284,76.794,65.8248,132.1976,198.0224,0.3541,2.2272,3.5159,4.1018,0.695,1.2235
2007-4,7.43,3.81,0.23,0.27,1.281,1.3116,4.1433,6.8769,19.3777,2184078441.87,36.8965,112696275.5,21.5109,39809374.5,-18.6497,7.21,105.0498,50.3905,1.0239,0.6885,2.0157,1.263,49.6095,0.0477,88.1295,55.3276,38.1862,105.2709,143.4571,0.6025,4.0849,6.5067,9.4275,1.1797,2.1987
2008-1,,3.84,0.05,0.05,1.2563,1.3657,0.6698,5.1948,20.8625,503121360.26,36.9671,21373231.32,-11.0264,12296395.6,-42.732,1.36,114.6785,48.1661,1.0923,0.7154,1.9292,1.1861,51.8339,0.0114,106.5215,64.53,36.9853,134.0662,171.0515,0.1289,0.8449,1.3947,2.4334,0.2558,0.533
2008-2,3.48,3.79,0.05,0.132,1.2571,1.3202,1.7903,6.0716,20.2352,1149411694.18,14.4719,54130828.61,-5.2088,50605829.95,91.1033,3.47,72.2395,48.327,1.1151,0.7267,1.9352,1.2017,51.673,0.0107,92.5117,53.5746,32.9351,113.1512,146.0863,0.2949,1.9457,3.3598,5.4653,0.5775,1.2107
2008-3,0.0,3.84,0.19,0.192,1.2463,1.3804,2.591,6.0809,21.181,1744209869.73,42.4947,78853451.54,-6.9271,61439005.0,35.3245,4.99,93.0997,52.4544,1.1722,0.8111,2.1032,1.4174,47.5456,0.0345,100.1558,56.1774,39.2533,117.0799,156.3332,0.4261,2.6958,4.8062,6.8784,0.7728,1.8593
2008-4,6.05,3.87,0.27,0.23,1.2356,1.4101,3.7645,5.8207,19.8667,2491413290.31,14.0716,96033240.26,-14.7858,31766893.32,-20.2025,6.04,84.6859,46.0836,1.2448,0.8466,1.8547,1.0976,53.9164,0.0644,86.8579,52.9466,34.878,104.9265,139.8045,0.6467,4.1447,6.7993,10.3217,1.2287,2.6373
2009-1,0.0,3.9,-0.001,0.03,1.2356,1.4401,0.3749,3.2536,22.6276,430776349.36,-14.3792,12300360.65,-42.4497,5991672.97,-51.2729,0.77,52.3425,44.3416,1.4018,0.9838,1.7967,1.0222,55.6584,-0.0002,127.551,85.0581,57.0451,155.564,212.6091,0.1152,0.7056,1.0581,1.5777,0.2088,0.4846
2009-2,2.3,6.44,0.11,0.11,3.7423,1.4606,0.9872,5.1156,20.7419,886014331.91,-22.9158,45381974.4,-16.1624,29843411.76,-41.0277,1.72,32.3259,42.975,1.161,0.7773,1.7536,0.8774,57.025,0.02,126.2184,88.6656,58.0084,156.8756,214.884,0.193,1.4261,2.0301,3.103,0.4247,0.9941
2009-3,0.0,6.96,0.24,0.215,4.1724,1.5608,1.9975,6.24,20.7214,1450524604.69,-16.8377,88459808.79,12.1825,25882630.78,-57.8726,3.1,33.9138,39.2375,1.1609,0.7067,1.6458,0.7247,60.7625,0.0481,129.2113,68.3839,53.0869,144.5083,197.5952,0.3201,2.0896,3.9483,5.086,0.7312,1.6453
2009-4,3.49,8.491,0.265,0.23,5.6906,1.5482,2.0397,4.9048,20.7813,2131921521.29,-14.4292,95160126.3,-0.9092,38922173.34,22.5243,2.7279,35.4352,40.635,1.1266,0.797,1.6845,0.7534,59.365,0.0415,112.0413,72.4157,46.5573,137.8997,184.457,0.4159,3.2131,4.9713,7.7324,0.9894,2.4378
2010-1,0.431,8.407,0.045,0.037,5.6701,1.4848,0.2776,3.2865,25.6215,529750958.97,22.9759,15051533.29,22.3666,13649300.82,127.8045,0.4358,50.8304,37.3274,1.3231,0.8866,1.5956,0.6566,62.6726,0.0082,129.3661,73.4874,45.7759,157.0776,202.8535,0.0845,0.6957,1.2247,1.9661,0.2444,0.6302
2010-2,1.944,7.323,0.1756,0.154,4.4698,1.6019,1.0585,5.3212,23.2544,1231574739.2,39.0017,63152006.42,39.1566,59588395.34,99.6702,2.099,59.7199,43.1644,1.7164,1.206,1.7595,0.8485,56.8356,0.0283,113.4001,73.834,43.5456,143.6885,187.2341,0.1989,1.5873,2.4379,4.1336,0.5153,1.4666
2010-3,2.41,7.746,0.226,0.195,4.8532,1.6434,1.2617,4.2375,23.53,1943664624.53,33.9974,80217239.54,-9.3179,70638065.97,172.9169,2.5206,57.143,46.3257,1.5736,1.0838,1.8631,0.959,53.6743,0.0304,122.7217,72.0307,55.723,139.0294,194.7524,0.2977,2.2001,3.7484,4.8454,0.7418,2.3333
2010-4,3.57,7.98,0.187,0.29,4.9881,1.734,1.8212,4.2719,24.073,2840512893.01,33.2372,120730020.86,26.8704,94652626.86,143.1843,3.6822,56.8768,47.0483,1.1894,0.8205,1.8885,0.984,52.9517,0.0238,100.4464,63.9261,50.7378,113.6347,164.3725,0.4263,3.584,5.6315,7.0953,1.2181,2.8912
2011-1,0.577,8.314,0.046,0.047,5.277,1.781,0.2456,2.7431,28.8699,633433836.01,19.572,19331549.42,28.4357,20486141.39,50.0893,0.566,68.7265,48.2024,1.0964,0.7734,1.9306,1.0293,51.7976,0.0054,129.6643,83.8613,80.0,133.5256,213.5256,0.0895,0.6941,1.0732,1.125,0.2543,0.568
2011-2,2.547,7.62,0.069,0.199,4.5106,1.8526,1.1627,6.2046,27.0117,1303516926.78,5.8415,81617562.14,29.2399,84869132.78,42.4256,2.6068,57.1583,50.1183,1.1272,0.7656,2.0047,1.1292,49.8817,0.0081,134.3384,78.8885,84.7099,128.517,213.2269,0.1874,1.3399,2.2817,2.1249,0.5014,1.1703
2011-3,3.246,7.13,0.161,0.245,3.9781,1.8991,1.4571,4.8106,25.6484,2075486270.35,6.7821,100729817.3,25.5713,108784100.19,54.0021,3.4388,53.9477,51.4217,1.1166,0.7575,2.0585,1.202,48.5783,0.0188,124.9537,82.6421,78.2382,129.3576,207.5958,0.3029,2.1608,3.2671,3.451,0.7927,1.8716
2011-4,4.96,7.057,0.088,0.373,3.7768,1.9128,2.1766,4.8899,24.4306,3002175444.37,5.6913,153396217.78,27.0572,87558735.39,-7.4947,5.2907,39.4535,50.2988,1.2016,0.7846,2.012,1.1505,49.7012,0.0108,116.9059,69.869,65.3429,121.432,186.7749,0.4451,3.0794,5.1525,5.5094,1.1439,2.9788
2012-1,0.516,7.108,0.034,0.037,3.7928,1.9494,0.244,2.248,24.7021,724985427.79,14.4532,15029052.61,-22.2563,13416068.8,-34.5115,0.5146,43.3072,50.6798,1.1642,0.7825,2.0276,1.1676,49.3202,0.0041,133.2741,83.6043,77.0284,139.85,216.8784,0.1085,0.6753,1.0765,1.1684,0.2594,0.801
2012-2,3.019,7.497,0.029,0.22,4.0572,2.0725,1.2989,5.8138,24.3114,1565418926.89,20.092,90261660.61,10.591,57428799.25,-32.3325,2.9304,35.5757,52.1421,1.1932,0.8352,2.0895,1.2497,47.8579,0.0031,127.8772,78.9681,75.4685,131.3768,206.8453,0.2234,1.4076,2.2794,2.3851,0.5156,1.6946
2012-3,3.488,7.21,0.196,0.249,3.7428,2.1015,1.4534,3.7976,22.5165,2635896505.6,27.0014,102186347.19,1.446,67750214.06,-37.7205,3.4496,36.1017,52.1475,1.1871,0.7552,2.0898,1.2575,47.8525,0.0217,116.7669,69.9102,65.5435,121.1336,186.6771,0.3827,2.3123,3.8621,4.1194,0.8848,2.8725
2012-4,5.18,7.8807,0.1572,0.387,4.278,2.2312,1.93,3.6627,22.7611,3755888253.52,25.1056,158849766.34,3.5552,80644871.3,-7.8963,4.906,38.4622,53.0383,1.1043,0.7533,2.1294,1.2489,46.9617,0.016,105.1586,71.2547,56.2553,120.158,176.4133,0.5269,3.4234,5.0523,6.3994,1.2466,4.1732
2013-1,0.484,7.879,0.04,0.038,4.2383,2.2694,0.147,1.433,24.4691,785523944.55,8.3503,15676948.33,4.311,16618671.69,23.8714,0.4843,25.6823,53.185,1.1009,0.7456,2.1361,1.2635,46.815,0.004,135.9311,108.9984,81.5956,163.3339,244.9295,0.1026,0.6621,0.8257,1.103,0.2415,0.8766
2013-2,2.968,7.3044,0.0332,0.225,3.5359,2.3966,1.1369,4.8424,22.6019,1767081126.09,12.8823,92596630.44,2.5869,78251023.96,36.2575,3.0854,31.0704,54.8686,1.1937,0.8375,2.2158,1.3582,45.1314,0.0033,117.4551,98.8034,70.8466,145.4119,216.2585,0.2348,1.5325,1.8218,2.5407,0.5305,2.0031
2013-3,3.709,7.5431,0.0351,0.286,3.7167,2.4573,1.4129,3.7792,22.528,2841088701.94,7.7845,117540843.23,15.026,84801598.06,25.168,3.7927,38.4777,55.2565,1.1115,0.7408,2.235,1.3505,44.7435,0.0034,115.2172,95.2683,72.969,137.5165,210.4855,0.3739,2.3434,2.8341,3.7002,0.8446,3.2021
2013-4,5.16,7.8298,-0.3083,0.447,3.8281,2.6039,2.0565,3.8291,21.5226,4047920671.13,7.7753,183789079.4,15.6999,145251606.08,80.1126,5.7132,36.3179,52.7607,1.1156,0.7697,2.1169,1.2219,47.2393,-0.0322,100.0667,81.5938,52.1724,129.4881,181.6605,0.5371,3.5976,4.4121,6.9002,1.2553,4.2242
2014-1,0.606,7.7393,-0.2567,0.047,3.7026,2.6511,0.0965,0.9513,25.1004,810769317.26,3.2138,19407448.13,23.7961,16740596.97,0.7337,0.6103,20.8234,58.8819,1.3375,1.0122,2.432,1.5796,41.1181,-0.021,132.1004,120.8054,74.1351,178.7707,252.9058,0.1015,0.6813,0.745,1.214,0.2166,0.7993
2014-2,3.649,8.0254,-0.6397,0.29,3.8066,2.8334,1.31,5.5725,22.4172,1872190868.29,5.9482,118951907.83,28.4625,119301218.51,52.4596,3.6075,27.0801,57.3573,1.355,0.9777,2.3451,1.4748,42.6427,-0.054,115.6664,105.8824,61.627,159.9218,221.5488,0.2351,1.5562,1.7,2.9208,0.5181,1.8534
2014-3,4.507,8.4753,-0.5328,0.367,4.1665,2.9114,1.7592,4.8578,22.8838,2777609848.5,-2.2343,150968121.39,28.4389,149189044.85,75.9272,4.3355,40.4765,53.7756,1.4904,1.1431,2.1634,1.2185,46.2244,-0.0516,98.4611,108.4163,63.7123,143.1651,206.8774,0.3621,2.7422,2.4904,4.2378,0.8265,3.2911
2014-4,9.34,10.3276,-0.9815,0.848,1.1894,3.3177,3.9545,8.9788,23.8659,3658990601.44,-9.6081,348420726.41,89.5764,128809221.54,-11.3199,8.2113,28.2912,51.8848,1.4305,1.0674,2.0783,1.1208,48.1152,-0.0848,107.2802,109.4524,68.3566,148.376,216.7326,0.4404,3.3557,3.2891,5.2665,1.0348,4.302
2015-1,7.398,11.0767,-0.0094,0.792,1.1894,4.1094,3.5827,39.697,23.18,842743923.0,3.9437,325286950.47,1576.0934,-769010.09,-104.5937,7.1476,31.2886,50.2145,1.5572,1.1667,2.0086,1.0493,49.7855,-0.0008,110.7283,144.9275,86.8474,168.8084,255.6558,0.0903,0.8128,0.621,1.0363,0.2084,1.2339
2015-2,13.251,12.1234,-0.2347,1.488,1.1894,4.7252,6.5534,32.9112,21.4398,1870566612.08,-0.0868,611167011.56,413.7934,85062739.49,-28.6992,12.2699,36.3583,46.4948,1.704,1.2671,1.869,0.8982,53.5052,-0.0216,93.2884,132.8413,82.3422,143.7875,226.1297,0.1991,1.9295,1.355,2.186,0.475,2.636
2015-3,15.581,10.4858,-0.133,1.621,1.2442,4.8591,7.3542,22.1053,21.4835,3071542889.28,10.5822,666187438.22,341.2769,157199329.16,5.3692,15.4633,55.5516,51.5437,1.6394,1.1847,2.0637,1.1126,48.4563,-0.0114,96.6841,128.7492,76.9647,148.4686,225.4333,0.3327,2.7926,2.0971,3.5081,0.7393,4.1726
2015-4,14.71,11.68,-0.6279,1.618,1.2266,4.7214,6.9973,15.7466,21.6562,4928183934.68,17.5816,691239698.29,90.8078,209660812.36,62.7685,13.8537,49.7706,49.9979,1.5338,1.0667,1.9999,1.0625,50.0021,-0.0506,87.4168,121.0776,64.4491,144.0453,208.4944,0.4444,4.1182,2.9733,5.5858,1.0493,5.4976
2016-1,0.656,14.3026,-0.3516,0.086,6.7351,3.5293,0.4368,5.1113,28.5823,1123453621.34,20.4598,43770545.97,-87.2562,39154442.3,5191.5382,0.5163,102.225,38.2463,2.6623,2.1315,1.6193,0.646,61.7537,-0.038,108.8271,149.5265,79.4632,178.8904,258.3536,0.0855,0.827,0.6019,1.1326,0.1673,1.069
2016-2,2.839,7.3526,-0.4662,0.201,2.9679,1.8268,1.9604,10.7115,28.8126,2441430515.54,15.1586,223803952.23,-65.7246,201721330.48,137.1442,2.5375,149.1207,35.5245,3.0921,2.324,1.551,0.5741,64.4755,-0.1104,107.849,136.343,71.3125,172.8795,244.192,0.183,1.669,1.3202,2.5241,0.363,2.0978
2016-3,3.466,7.499,-0.5966,0.244,2.9679,1.8789,2.509,8.946,27.674,3866342090.84,9.6204,295309937.36,-59.7699,254782104.54,62.0758,3.1831,125.5802,36.4276,2.1959,1.6385,1.573,0.5976,63.5724,-0.1331,99.4475,140.7129,70.1864,169.974,240.1604,0.2805,2.715,1.9188,3.8469,0.5653,3.1308
2016-4,4.17,7.252,-0.5148,0.4,2.6137,1.9223,3.2112,7.2686,24.9545,5474769408.25,11.091,330163058.79,-52.2361,256440326.91,22.312,4.0549,89.9983,40.7386,1.7887,1.2975,1.6874,0.7298,59.2614,-0.0973,90.6801,112.6584,66.9182,136.4203,203.3385,0.4418,3.97,3.1955,5.3797,0.9523,3.9919
2017-1,1.006,7.5125,-0.3,0.074,2.6137,1.9966,0.6933,6.7617,26.9609,1537699891.71,36.8726,83416156.65,90.576,78810669.5,101.2816,0.989,110.5863,41.849,1.7093,1.1661,1.7197,0.7646,58.151,-0.0522,105.3864,117.7856,87.2347,135.9373,223.172,0.1025,0.854,0.7641,1.0317,0.2083,0.8231
2017-2,4.049,7.7428,-0.2337,0.302,2.61,2.1443,2.4408,10.2337,25.2004,3852360639.5,57.7911,339049455.12,51.494,255291990.88,26.5568,3.9001,174.4565,47.4932,1.4509,0.9986,1.9045,0.9679,52.5068,-0.0312,94.1324,102.5641,73.9189,122.7776,196.6965,0.2385,1.9122,1.755,2.4351,0.4708,1.9773
2017-3,5.388,8.2196,-0.3549,0.417,2.6354,2.2592,3.1963,8.5076,23.7389,6643679241.79,71.8337,467973875.37,58.4687,373644770.18,46.6527,5.0709,180.8214,52.3943,1.3024,0.8392,2.1006,1.1798,47.6057,-0.0366,85.2973,94.88,62.8989,117.2784,180.1773,0.3757,3.1654,2.8457,4.2926,0.8073,3.1831
2017-4,9.66,9.2924,-0.3397,0.798,2.6295,2.604,5.5094,12.2103,25.3852,8270540870.17,51.0665,896115128.08,171.4159,441262292.8,72.0721,8.589,133.8723,49.5781,1.344,0.7574,1.9833,1.0489,50.4219,-0.0349,103.285,98.3902,68.2464,133.4288,201.6752,0.4512,3.4855,3.6589,5.275,1.009,3.6678
2018-1,1.378,10.0646,-0.3779,0.133,2.6295,2.7374,0.7747,9.9468,26.2,1813531187.95,17.9379,149768391.39,79.5436,114813999.04,45.6833,1.3254,187.9301,50.8357,1.3131,0.7001,2.034,1.102,49.1643,-0.0341,180.072,144.6713,117.7548,206.9885,324.7433,0.0779,0.4998,0.6221,0.7643,0.1831,0.6552
2018-2,4.454,9.2884,-0.4697,0.415,2.6582,2.9587,2.3322,12.5027,24.4506,4287890060.46,11.3055,465609403.84,37.3279,302733278.96,18.5831,4.4647,192.6375,52.7913,1.2222,0.7085,2.1183,1.2098,47.2087,-0.0418,146.7232,120.4013,82.6219,184.5026,267.1245,0.1865,1.2268,1.495,2.1786,0.4234,1.4991
2018-3,9.922,9.6137,-0.3007,0.939,3.2893,3.4829,5.2298,18.6646,23.1042,6381790482.59,-3.9419,1054187279.61,125.2663,385415786.89,3.1503,9.7664,183.4127,49.1059,1.3585,0.8675,1.9649,1.0681,50.8941,-0.0293,138.2984,127.8046,,266.103,266.103,0.2802,1.9523,2.1126,,0.6225,2.1413
2018-4,10.55,9.5365,0.4813,0.993,3.6408,3.4745,5.481,14.091,22.0956,8853422775.58,7.0477,1115277702.84,24.457,303137504.08,-31.3022,10.4161,111.3267,46.5974,1.1586,0.7056,1.8726,1.0205,53.4026,0.0495,121.6175,112.6866,85.2636,149.0405,234.3041,0.389,2.9601,3.1947,4.2222,0.9025,2.7387
2019-1,0.319,10.2357,-0.3683,0.032,3.6413,3.506,0.2713,3.2288,21.1069,2032108840.92,12.0526,35396438.35,-76.3659,37912469.83,-66.9792,0.308,86.4825,46.4852,1.2013,0.7384,1.8686,1.0081,53.5148,-0.0357,130.7569,130.3026,,261.0595,261.0595,0.084,0.6883,0.6907,,0.1915,0.5168
2019-2,2.0,10.3405,-0.5509,0.195,3.6539,3.8857,1.2072,6.4998,21.3744,4441333396.37,3.5785,218990780.48,-52.9668,161668443.22,-46.5971,1.8862,102.5596,45.2175,1.1894,0.7101,1.8254,0.9494,54.7825,-0.0561,114.9646,120.7001,95.816,139.8487,235.6647,0.1857,1.5657,1.4913,1.8786,0.445,1.1235
2019-3,2.653,10.2584,-0.2716,0.256,3.6539,4.1493,1.619,5.9183,21.8148,6514573843.85,2.0807,287739755.32,-72.7051,213859047.3,-44.5121,2.4982,96.9521,45.0262,1.1923,0.6865,1.819,0.9452,54.9738,-0.028,118.1516,119.6331,97.5046,140.2801,237.7847,0.2736,2.2852,2.2569,2.7691,0.669,1.6009
2019-4,2.4,10.5299,0.7895,0.24,3.6437,4.2783,1.5481,4.3219,21.2041,8679910968.83,-1.9598,269808780.07,-75.8079,161014251.45,-46.8841,2.2821,60.5571,45.5527,1.1475,0.8066,1.8366,0.9639,54.4473,0.0778,95.1651,120.2847,89.6682,125.7816,215.4498,0.3582,3.7829,2.9929,4.0148,0.8585,2.0181
2020-1,-0.731,9.906,-0.0842,-0.075,3.6509,4.245,-0.3841,-7.7647,18.0005,1222371293.61,-39.8472,-83700311.42,-336.4653,-89676677.91,-336.5361,-0.7526,-42.6396,47.1591,1.1198,0.7677,1.8925,1.0346,52.8409,-0.0082,126.6535,211.218,140.3618,197.5097,337.8715,0.0495,0.7106,0.4261,0.6412,0.1232,0.2528
2020-2,0.876,7.0211,-0.0144,0.08,2.2026,3.2354,0.3746,2.8471,18.2979,3210420844.43,-27.7149,100076044.69,-54.3013,-27205574.26,-116.828,0.8755,0.1016,44.8622,1.1791,0.8009,1.8136,0.9336,55.1378,-0.0022,100.1502,158.7302,105.2324,153.648,258.8804,0.1316,1.7973,1.134,1.7105,0.3299,0.6565
2020-3,2.458,7.2679,0.0718,0.202,2.2026,3.7232,1.2315,5.5098,19.2178,5562987139.17,-14.607,277599425.04,-3.5241,68857479.82,-67.8024,2.3461,41.9601,45.2137,1.272,0.9036,1.8253,0.9462,54.7863,0.0104,91.8993,150.3006,98.5401,143.6598,242.1999,0.2235,2.938,1.7964,2.74,0.5339,1.1253
2020-4,1.21,7.6216,0.2023,0.097,2.2116,3.838,0.8279,2.4968,18.4187,8215896691.46,-5.3458,138004106.09,-48.8511,-163783596.97,-201.7199,1.1122,22.9783,43.3297,1.5634,1.0784,1.7646,0.857,56.6703,0.031,78.1861,139.0928,85.0742,132.2047,217.2789,0.3316,4.6044,2.5882,4.2316,0.7994,1.5494
2021-1,2.474,7.7217,-0.6318,0.186,2.2116,4.3566,1.2132,8.9663,25.775,3999264002.25,227.1726,302345617.03,461.224,281236636.83,413.6118,2.4051,244.8712,59.1385,1.4351,0.9984,2.4473,1.6264,40.8615,-0.0503,77.8412,96.8158,71.7246,102.9324,174.657,0.1353,1.1562,0.9296,1.2548,0.3033,0.534
2021-2,6.162,7.8952,-0.9533,0.467,2.1933,4.6147,2.86,8.8217,24.4898,9946665453.42,209.8243,759726411.65,659.1491,723505636.42,2759.4022,5.9107,308.6374,60.5839,1.4808,1.1777,2.537,1.7356,39.4161,-0.0696,52.8603,67.2269,49.422,70.6652,120.0872,0.3242,3.4052,2.6775,3.6421,0.635,1.4615
2021-3,20.705,9.1674,-0.5286,1.698,2.2641,5.7583,9.8058,18.8374,25.3148,15711728861.51,182.4333,2774023772.27,899.2902,1334267860.63,1837.7239,18.2892,343.7943,56.6362,1.3967,1.0091,2.3061,1.3377,43.3638,-0.0431,52.1971,63.9492,41.3248,74.8215,116.1463,0.5205,5.1727,4.2221,6.5336,1.1812,2.3034
2021-4,23.75,8.833,-0.1701,2.04,3.0229,4.7054,11.0146,17.2485,25.0266,20699382624.28,151.9431,3339696517.63,2319.9979,1885320125.86,1251.1044,17.6439,275.1588,51.9704,1.426,1.073,2.0821,1.1062,48.0296,-0.0174,54.1085,63.7981,45.7009,72.2057,117.9066,0.6386,6.6533,5.6428,7.8773,1.3945,3.1158
2022-1,4.175,9.2271,0.0501,0.377,3.0229,5.1005,2.0866,16.6313,25.539,5029500864.87,25.7607,807056428.55,166.9317,615171739.88,118.7381,4.0816,394.7017,49.2941,1.3865,0.9343,1.9722,0.9943,50.7059,0.0055,82.0345,75.7257,55.2724,102.4878,157.7602,0.1255,1.0971,1.1885,1.6283,0.2798,0.6809
2022-2,8.419,9.4157,0.722,0.774,3.1814,5.1248,4.1851,16.044,25.3599,10771934205.15,8.2969,1661149050.47,118.651,1420470242.79,96.3316,8.163,394.4899,49.486,1.4042,0.9048,1.9796,1.0287,50.514,0.0745,87.5955,70.6991,54.3199,103.9747,158.2946,0.2609,2.0549,2.546,3.3137,0.5755,1.4133
2022-3,10.855,10.2422,0.8012,1.019,3.9921,5.1927,5.307,14.6039,25.6157,15840567383.04,0.82,2208881912.66,-20.3726,1962673005.23,47.0974,9.6345,356.5398,48.8548,1.587,1.0387,1.9552,0.9992,51.1452,0.0783,96.0205,68.746,56.0806,108.6859,164.7665,0.3634,2.8119,3.9275,4.8145,0.774,1.9932
